Username,B1A7VCN9PQOC88A0EOTTG2721Y8UPI323R8G87U7R4B4WK15
13590015,B1PAVOUBZXN9016T0EEAM872YY8UPI32HT2G2Z8729G2KLWK
13577791,3DVOA7OCRMA0UBSCN9EAG2CC1Y4MIT3G8G2ZQUHH291Z156P
13566964,3DPACVM3A0PQ01RM0EOZM8721Y4MPI32272G2Z3RHHWKB46P
13536161,IJA7VOQPPQRM40A0SCOZM8CCYY8UIT322G3RU7HHQUB41Z15
13591416,3DL7VCQPN9ZX0EM3OCOZG272YYSQIT3GBADD29ZZ2ZWK1Z15
13572929,B1PAL7M3ZXA088RMPQGRG2371Y8UIT329HQU8GDDT8KL1Z6P
13591542,3DBDVCEOPQN9SCQP40OZG2721Y8UPI32T89HIQ2G27H11Z43
13552251,VGA7CV6TPQN988RMEOOZM837YY8UIT329HQ929IQBA151ZKL
13595926,B1L7VO88UBEO40A06TTTG272YY51PI32872G2ZU7QUWKH11Z
13528045,VGPAANSCOCN9016TQPTTM837YYSQPI323R87U7IQ8GB4KL15
13583714,B1A7VC40SC880EN96TTTG272YYSQIT323R27QUHTIQB4KLWK
13581860,B1BDL7QP406TPQSCSVGRG2CC1Y51PI3G8GDD87QU9HKL43G2
13553102,3DVOA70EQPRMSC01OCTTM872YY51PI32HHDD292G3RKL43H1
13565819,3DBDA1SVA06T40QP88GRG272YY8UIT3G8GABIQDDHHB41ZG2
13531580,VGBDVCEO0EPQ6TSVZXGRG2371Y51PI322729DD3RIQH1B46P
13565437,B1HYANN9RMUB40QPZXTTG272YYSQIT32R4QUDD87T8H1WK43
13548276,VGL7VOQPA0SC40ZX01OZG272YYSQPI3GZZ3R2GHTU7436PWK
13572961,VGVCA7A0SC6TZX01OCGRM8371Y4MIT3GR427QU3RABH16P43
13563198,3DA1CVN9ZXM3SC01SVOZM8CCYY51PI3GT8QU9HABIQH11Z15
13572181,VGBDVO0EN9SV6TA0ZXTTM8721Y4MIT3G8GDDIQQ9R4G2151Z
13590057,3DL7HY010ERMOCEOSCOZG272YY51PI3G3RHT879HT8WKB4KL
13581666,VGHYA7SVM3OC6TPQ01OZM8CC1Y8UIT32R4HTIQDD2ZB4H1G2
13592613,B1ANVOUBSC6T0EQPEOEAG272YY51PI3G8G9HQ929ABWK1ZKL
13559058,VGA7CVA0RMEO6TUBZXOZG2CCYY4MPI3GU72Z2729DD43B4G2
13528155,3DA7HY88N96TPQSCOCOZM872YY8UPI3227QU2G29BAH143B4
13545662,IJA1HYA0PQM3EOOC40GRM8721YSQIT32R4IQBAZZT8G26PWK
13537041,3DBDVC40SVA088PQ6TOZM872YYSQPI32U7DDZZ87Q9WKKL43
13574501,3DVOA10EOCPQ40SCUBTTM8CC1Y51IT32BADDHH9H27H16PB4
13588939,IJVCA140RM01OC6TSCOZG2721Y8UIT3GBAIQZZHT276PKLG2
13549266,3DPAVCRMA06TZXOC0ETTG2CC1Y4MIT3G3R2ZT88G876P15WK
13597935,3DVOA7QP88M3406TSVTTM8CCYY8UPI3GU7BA87DDZZ1ZH1B4
13559362,IJVCHY0ESCM36TQPZXTTM8CCYY51PI32DDQU2G29T8WKB415
13581352,IJA1ANEOSCRMM3016TOZG237YYSQPI32U7HTQUDDZZ6PB4G2
13520863,B1VOA1A0QPOCN9EO0ETTM8CCYY4MPI3GBADD2Z3R8G1Z6PWK
13558385,VGCVA7M3OC0E01SC40OZG2371Y8UIT3287IQ2G8G271ZH1G2
13566582,3DPAVO880EUB6TM3QPOZM872YY51PI322ZR4BAU7QUB4G2WK
13583769,3DBDL7SCZXM3EO0EPQOZM8CCYY51IT3GR427ABHHDD43G215
13565916,IJA7VO6T0EN901EOA0GRG2CC1YSQPI3G8GZZR42Z2G6PKLWK
13539759,3DL7ANA0SVRMQP6TOCOZG2371Y8UPI3G29DDQUQ927B443G2
13580320,B1HYCV0140880E6TOCOZG2CCYYSQPI3G2G3R9HIQQ91Z43WK
13565181,B1VOA1PQA088SCOCN9TTG237YY4MPI322GABZZ2ZR4WKB41Z
13572152,B1A7A188OCPQA0RM0ETTM8CC1Y51IT32BAHHHT2ZR4KLB41Z
13579221,3DBDVOQPZXSCA0M3PQOZM8721Y51PI3GHTZZABIQT81543B4
13592930,IJCVL740UBSCQP6TM3EAG2721Y51IT328727U7HTBA1ZKL15
13546830,IJVOVCSCPQM3RM01ZXGRG2721YSQPI322GU7QU8G3RB4H143
13587020,VGL7A7OCRMSCQPZXSVTTG2CC1YSQIT3GHTQ9R48GBA431ZB4
13579988,VGBDL7UBOCPQEOQPZXGRM8721Y4MPI322ZIQ9HDDR4WK1Z15
13540489,VGCVVOEOA001PQN988GRG272YY4MPI3GHHQU87BAT86PB4WK
13573919,IJHYANZXOCRMN90ESCGRG237YYSQPI32Q92G9HBA8743KL6P
13595007,IJVOANEOQP40PQUB0EEAM8721Y8UIT3GDDQ92ZAB871ZG2KL
13597728,IJL7ANSCQPM36TA088GRG2721Y8UPI32HT2GDDT8ZZB46P43
13581103,3DVOA1RM40EOZXQPPQEAG2721Y4MPI323R9H8GABQU1Z43G2
13575795,VGANBDRMSVA0QPM301TTM872YY4MPI32278GU72ZHTKL6PWK
13604233,B1HYVC0ESC88RMZXUBEAM837YYSQIT3G9HDDU7T8BAG21ZB4
13600765,B1A7L7SC88OCM3QP40GRG2721YSQIT3GZZ87R4Q93RB46PG2
13571311,VGA7VCEOSCM388406TOZG272YYSQPI32DDU7273R2GWKB46P
13581459,IJPAL7SVUB6T88RMA0OZG272YY4MIT3GT8IQHHBADDH1G243
13590109,VGL7VCOCM3EORM88QPEAG2721Y51PI3G3R9H87HTDDH1436P
13583455,VGCVPA0EZXUBSV6TN9OZM872YYSQPI3GDDQ93R292Z43KL6P
13565372,VGA7PASVPQ0EM3RMZXTTM8371Y8UPI32HHABQ92G2Z151ZG2
13579616,3DA7CV01A0UBM3SCRMOZG2371YSQPI32HH298GQ9BAWKG2H1
13595874,IJA7VCM3RM88ZXSVUBEAM837YYSQPI32ZZ27T8IQ8GWKB415
13558288,VGL7BD0E6TSVM3OC88GRM872YY51IT32AB2Z8GR4DDWKH115
13535265,IJVOCVN90ERMA0SCSVEAM8721Y51IT3GR4U787Q9IQ6P4315
13592846,B1PAVO0E40M3SCSV01GRG2721Y4MPI32IQDD27Q9BA43B41Z
13516804,3DA7HYPQZX0188EOA0OZG2CC1Y4MPI329HU7DD3RABKLG21Z
13566427,VGL7CV40OC88RM01SCGRM872YY51PI32R4DD27IQ3R6PWK43
13566647,B1A7A1886TOCN901PQEAG237YY51IT3G3RBA29IQQ9H115B4
13581417,VGBDVOSCUB6TQP0E88TTM8CC1Y8UIT32DD2ZHTQUBA1Z6PKL
13450805,IJANA101UB88A0ZXSVTTG2371Y51PI3229BA2GT8QUWK15G2
13549855,3DHYCV40SCQP6TSVA0OZG237YY8UIT3G9HIQBA8GQUH11Z43
13576798,B1L7ANPQ6T88OCZXSCEAG272YY4MIT3G872GZZU7291ZKLWK
13588502,VGA7HYEOUB6TRM0140OZG237YY51PI32HT29BA27HH43G21Z
13548195,IJCVVO0ESCSV6TZXQPEAM8721Y4MIT3GU727ABHT296P151Z
13583471,3DA1L7PQRMEO01A040TTM872YY4MPI3GQ92Z29U73R436P15
13591209,3DPAVOSV0EUBA088SCGRM8371Y51IT32HT272GABBAB4KL15
13588256,VGBDA10ESCUBRMQP88OZG2371YSQIT32BAQU29278715H143
13585613,B1L7PA01OCRM88PQ40OZG2721Y51PI32R4ZZAB278GWKB41Z
13596233,IJCVHYRMSV0E6TPQ40GRM872YY8UIT32DDZZ2Z29Q9156PKL
13575465,VGA1BDUBQPA0EOPQOCOZM837YYSQPI3GHTBA9HQU29WKKL1Z
13579917,B1ANVCM3ZXRM88N940OZG237YY51IT328GU7ZZBAHTG2B46P
13587169,B1A1HYQP88ZX40UBSVGRG2CCYY4MPI3G9HHHDDQU2G1543WK
13540683,IJPAHYUB88010EN940EAG2CC1Y51PI328GT8HTABU7H115KL
13519829,B1HYL7N9SCQP6T88OCEAG2371Y8UIT32HHU7IQ2987G243KL
13569280,IJVOHY010EOCEOA0SVGRM837YY8UIT3229HTR4DD2ZB4H11Z
13550970,B1CVA1UB88SVSC40QPGRM8371Y51IT3GHTZZDDR48GB4KL6P
13557308,3DA7A16TA0SCN9OCEOTTG237YYSQIT3287R4ZZQU9HG26PH1
13567608,VGHYPA0EA0QPOCN9PQTTM837YYSQPI322ZZZT8HHHT6PH1B4
13593739,VGANA140RMUB88EOOCGRG2721Y51PI3G8GABU7ZZHHB41ZH1
13572628,VGVOBDUBN901OCSVQPGRG2371YSQPI3229T8ABQ9QU6P1ZG2
13593056,B1VOCV01OC0E6TM3QPOZG237YY8UPI3GQ9R4QUBAU7G2H1B4
13592231,B1L7VOSVUBPQ01A0M3EAG237YYSQIT322987ZZDDHTKLH1WK
13574048,VGPAANQP0E40PQN988TTG2721Y51IT32DD2G273R29KLH16P
